{"type":"APL","version":"1.9","import":[{"name":"alexa-layouts","version":"1.6.0"}],"mainTemplate":{"parameters":["headlineExampleData"],"items":[{"type":"Container","width":"100%","height":"100%","paddingBottom":"@spacingSmall","items":[{"type":"AlexaBackground","backgroundImageSource":"https://img.freepik.com/fotos-premium/fondo-textura-suave-borrosa-hermosa-abstraccion-azul_97567-606.jpg?w=360","backgroundBlur":false},{"type":"AlexaHeader","headerTitle":"Veterinaria Cachorro pet","headerSubtitle":"Consulta de citas","headerDivider":true,"headerAttributionImage":"https://scontent.fver2-1.fna.fbcdn.net/v/t39.30808-6/319852404_886231522509163_3289947801958953351_n.jpg?_nc_cat=101&cb=99be929b-59f725be&ccb=1-7&_nc_sid=09cbfe&_nc_eui2=AeGXXibGILKrC5efgJAkCLHEozQljdO030-jNCWN07TfT00qHvZ776VjFpFxpBdxkQoK6AnMH2j5Vz1Oi75feIBL&_nc_ohc=eUIlPqrv4W8AX-OyunQ&_nc_ht=scontent.fver2-1.fna&oh=00_AfAiNtQFR7JQbiffi4m5T5K-xQvicHrXb5lVkrK1I8tO8w&oe=64C16EAB"},{"type":"Text","when":"${@viewportProfile == @hubLandscapeLarge}","text":"${headlineExampleData.inicio}","color":"#fff","fontFamily":"Roboto","fontWeight":"bold","fontSize":"38px","left":"2%","style":"textStyleBody","spacing":"@spacing3XSmall"},{"type":"Image","when":"${@viewportProfile == @hubLandscapeLarge}","source":"https://img3.wallspic.com/previews/1/6/9/5/5/155961/155961-gato-perro-gatito-tigre-veterinario-500x.jpg","width":350,"height":150,"alignSelf":"center","top":"5%"},{"type":"Text","when":"${@viewportProfile == @hubLandscapeMedium}","text":"${headlineExampleData.inicio}","color":"#fff","fontFamily":"Roboto","fontWeight":"bold","fontSize":"35px","left":"2%","style":"textStyleBody","spacing":"@spacing3XSmall"},{"type":"Image","when":"${@viewportProfile == @hubLandscapeMedium}","source":"https://img3.wallspic.com/previews/1/6/9/5/5/155961/155961-gato-perro-gatito-tigre-veterinario-500x.jpg","width":350,"height":150,"alignSelf":"center","top":"2%"},{"type":"Text","when":"${@viewportProfile == @hubLandscapeSmall}","text":"${headlineExampleData.inicio}","color":"#fff","fontFamily":"Roboto","fontWeight":"bold","fontSize":"28px","left":"5%","top":"10%","style":"textStyleBody","spacing":"@spacing3XSmall"},{"type":"Image","when":"${@viewportProfile == @hubLandscapeSmall}","source":"https://4.bp.blogspot.com/-4wh_SLwGxis/UG25QYB3bxI/AAAAAAAAAAM/m9S0GGoQbe4/s1600/perrito.png","width":450,"height":250,"alignSelf":"center"},{"type":"Text","when":"${@viewportProfile == @hubRoundSmall}","text":"${headlineExampleData.inicio}","color":"#fff","fontFamily":"Roboto","fontWeight":"bold","fontSize":"12px","left":"4%","style":"textStyleBody","spacing":"@spacing3XSmall"},{"type":"Image","when":"${@viewportProfile == @hubRoundSmall}","source":"https://img3.wallspic.com/previews/1/6/9/5/5/155961/155961-gato-perro-gatito-tigre-veterinario-500x.jpg","width":757,"height":75,"left":"2%","bottom":"23%"},{"type":"Text","when":"${@viewportProfile == @hubLandscapeXLarge}","text":"${headlineExampleData.inicio}","color":"#fff","fontFamily":"Roboto","fontWeight":"bold","fontSize":"60px","left":"2%","style":"textStyleBody","spacing":"@spacing3XSmall"},{"type":"Image","when":"${@viewportProfile == @hubLandscapeXLarge}","source":"https://img3.wallspic.com/previews/1/6/9/5/5/155961/155961-gato-perro-gatito-tigre-veterinario-500x.jpg","width":450,"height":250,"alignSelf":"center","top":"3%"},{"type":"Text","when":"${@viewportProfile == @hubPortraitMedium}","text":"${headlineExampleData.inicio}","color":"#fff","fontFamily":"Roboto","fontWeight":"bold","fontSize":"38px","left":"2%","top":"2%","style":"textStyleBody","spacing":"@spacing3XSmall"},{"type":"Image","when":"${@viewportProfile == @hubPortraitMedium}","source":"https://img3.wallspic.com/previews/1/6/9/5/5/155961/155961-gato-perro-gatito-tigre-veterinario-500x.jpg","width":450,"height":250,"alignSelf":"center","top":"5%"},{"type":"Text","when":"${@viewportProfile == @tvLandscapeXLarge}","text":"${headlineExampleData.inicio}","color":"#fff","fontFamily":"Roboto","fontWeight":"bold","fontSize":"51px","left":"2%","style":"textStyleBody","spacing":"@spacing3XSmall"},{"type":"Image","when":"${@viewportProfile == @tvLandscapeXLarge}","source":"https://img3.wallspic.com/previews/1/6/9/5/5/155961/155961-gato-perro-gatito-tigre-veterinario-500x.jpg","width":350,"height":150,"alignSelf":"center","top":"5%"},{"type":"Text","when":"${@viewportProfile == @mobileSmall}","text":"${headlineExampleData.inicio}","color":"#fff","fontFamily":"Roboto","fontWeight":"bold","fontSize":"25px","left":"1%","style":"textStyleBody","spacing":"@spacing3XSmall"},{"type":"Image","when":"${@viewportProfile == @mobileSmall}","source":"https://img3.wallspic.com/previews/1/6/9/5/5/155961/155961-gato-perro-gatito-tigre-veterinario-500x.jpg","width":350,"height":150,"alignSelf":"center","top":"5%"},{"type":"Text","when":"${@viewportProfile == @mobileMedium}","text":"${headlineExampleData.inicio}","color":"#fff","fontFamily":"Roboto","fontWeight":"bold","fontSize":"30px","left":"2%","style":"textStyleBody","spacing":"@spacing3XSmall"},{"type":"Image","when":"${@viewportProfile == @mobileMedium}","source":"https://img3.wallspic.com/previews/1/6/9/5/5/155961/155961-gato-perro-gatito-tigre-veterinario-500x.jpg","width":350,"height":150,"alignSelf":"center","top":"5%"},{"type":"Text","when":"${@viewportProfile == @mobileLarge}","text":"${headlineExampleData.inicio}","color":"#fff","fontFamily":"Roboto","fontWeight":"bold","fontSize":"65px","left":"1%","style":"textStyleBody","spacing":"@spacing3XSmall"},{"type":"Image","when":"${@viewportProfile == @mobileLarge}","source":"https://img3.wallspic.com/previews/1/6/9/5/5/155961/155961-gato-perro-gatito-tigre-veterinario-500x.jpg","width":350,"height":150,"alignSelf":"center","top":"5%"},{"type":"AlexaFooter","hintText":"Bienvenido administrador","position":"absolute","bottom":0}]}]}}