{"type":"APL","version":"1.9","import":[{"name":"alexa-layouts","version":"1.6.0"}],"mainTemplate":{"parameters":["headlineExampleData"],"items":[{"type":"Container","width":"100%","height":"100%","paddingBottom":"@spacingSmall","items":[{"type":"AlexaBackground","backgroundImageSource":"https://img.freepik.com/fotos-premium/fondo-textura-suave-borrosa-hermosa-abstraccion-azul_97567-606.jpg?w=360","backgroundBlur":false},{"type":"AlexaHeader","headerTitle":"Veterinaria Cachorro pet","headerSubtitle":"Consulta de citas","headerDivider":true,"headerAttributionImage":"https://scontent.fver2-1.fna.fbcdn.net/v/t39.30808-6/319852404_886231522509163_3289947801958953351_n.jpg?_nc_cat=101&cb=99be929b-59f725be&ccb=1-7&_nc_sid=09cbfe&_nc_eui2=AeGXXibGILKrC5efgJAkCLHEozQljdO030-jNCWN07TfT00qHvZ776VjFpFxpBdxkQoK6AnMH2j5Vz1Oi75feIBL&_nc_ohc=eUIlPqrv4W8AX-OyunQ&_nc_ht=scontent.fver2-1.fna&oh=00_AfAiNtQFR7JQbiffi4m5T5K-xQvicHrXb5lVkrK1I8tO8w&oe=64C16EAB"},{"type":"Text","when":"${@viewportProfile == @hubLandscapeLarge}","text":"${headlineExampleData.text}","color":"#fff","fontFamily":"Roboto","fontWeight":"bold","fontSize":"38px","left":"2%","style":"textStyleBody","spacing":"@spacing3XSmall"},{"type":"Image","when":"${@viewportProfile == @hubLandscapeLarge}","source":"https://scontent.fver2-1.fna.fbcdn.net/v/t39.30808-6/319852404_886231522509163_3289947801958953351_n.jpg?_nc_cat=101&cb=99be929b-59f725be&ccb=1-7&_nc_sid=09cbfe&_nc_eui2=AeGXXibGILKrC5efgJAkCLHEozQljdO030-jNCWN07TfT00qHvZ776VjFpFxpBdxkQoK6AnMH2j5Vz1Oi75feIBL&_nc_ohc=eUIlPqrv4W8AX-OyunQ&_nc_ht=scontent.fver2-1.fna&oh=00_AfAiNtQFR7JQbiffi4m5T5K-xQvicHrXb5lVkrK1I8tO8w&oe=64C16EAB","scale":"best-fill","borderRadius":"150dp","width":150,"height":150,"left":"84%","bottom":"20%"},{"type":"Text","when":"${@viewportProfile == @hubLandscapeMedium}","text":"${headlineExampleData.text}","color":"#fff","fontFamily":"Roboto","fontWeight":"bold","fontSize":"38px","left":"2%","style":"textStyleBody","spacing":"@spacing3XSmall"},{"type":"Image","when":"${@viewportProfile == @hubLandscapeMedium}","source":"https://scontent.fver2-1.fna.fbcdn.net/v/t39.30808-6/319852404_886231522509163_3289947801958953351_n.jpg?_nc_cat=101&cb=99be929b-59f725be&ccb=1-7&_nc_sid=09cbfe&_nc_eui2=AeGXXibGILKrC5efgJAkCLHEozQljdO030-jNCWN07TfT00qHvZ776VjFpFxpBdxkQoK6AnMH2j5Vz1Oi75feIBL&_nc_ohc=eUIlPqrv4W8AX-OyunQ&_nc_ht=scontent.fver2-1.fna&oh=00_AfAiNtQFR7JQbiffi4m5T5K-xQvicHrXb5lVkrK1I8tO8w&oe=64C16EAB","scale":"best-fill","borderRadius":"150dp","width":150,"height":150,"left":"80%","bottom":"30%","style":"textStyleBody","spacing":"@spacing3XSmall"},{"type":"Text","when":"${@viewportProfile == @hubLandscapeSmall}","text":"${headlineExampleData.text}","color":"#fff","fontFamily":"Roboto","fontWeight":"bold","fontSize":"21px","left":"2%","style":"textStyleBody","spacing":"@spacing3XSmall"},{"type":"Image","when":"${@viewportProfile == @hubLandscapeSmall}","source":"https://scontent.fver2-1.fna.fbcdn.net/v/t39.30808-6/319852404_886231522509163_3289947801958953351_n.jpg?_nc_cat=101&cb=99be929b-59f725be&ccb=1-7&_nc_sid=09cbfe&_nc_eui2=AeGXXibGILKrC5efgJAkCLHEozQljdO030-jNCWN07TfT00qHvZ776VjFpFxpBdxkQoK6AnMH2j5Vz1Oi75feIBL&_nc_ohc=eUIlPqrv4W8AX-OyunQ&_nc_ht=scontent.fver2-1.fna&oh=00_AfAiNtQFR7JQbiffi4m5T5K-xQvicHrXb5lVkrK1I8tO8w&oe=64C16EAB","scale":"best-fill","borderRadius":"150dp","width":150,"height":150,"left":"80%","bottom":"32%","style":"textStyleBody","spacing":"@spacing3XSmall"},{"type":"Text","when":"${@viewportProfile == @hubRoundSmall}","text":"${headlineExampleData.text}","color":"#fff","fontFamily":"Roboto","fontWeight":"bold","fontSize":"11px","left":"4%","style":"textStyleBody","spacing":"@spacing3XSmall"},{"type":"Image","when":"${@viewportProfile == @hubRoundSmall}","source":"https://scontent.fver2-1.fna.fbcdn.net/v/t39.30808-6/319852404_886231522509163_3289947801958953351_n.jpg?_nc_cat=101&cb=99be929b-59f725be&ccb=1-7&_nc_sid=09cbfe&_nc_eui2=AeGXXibGILKrC5efgJAkCLHEozQljdO030-jNCWN07TfT00qHvZ776VjFpFxpBdxkQoK6AnMH2j5Vz1Oi75feIBL&_nc_ohc=eUIlPqrv4W8AX-OyunQ&_nc_ht=scontent.fver2-1.fna&oh=00_AfAiNtQFR7JQbiffi4m5T5K-xQvicHrXb5lVkrK1I8tO8w&oe=64C16EAB","scale":"best-fill","borderRadius":"75dp","width":75,"height":75,"left":"80%","bottom":"18%","style":"textStyleBody","spacing":"@spacing3XSmall"},{"type":"Text","when":"${@viewportProfile == @hubLandscapeXLarge}","text":"${headlineExampleData.text}","color":"#fff","fontFamily":"Roboto","fontWeight":"bold","fontSize":"58px","left":"2%","style":"textStyleBody","spacing":"@spacing3XSmall"},{"type":"Image","when":"${@viewportProfile == @hubLandscapeXLarge}","source":"https://scontent.fver2-1.fna.fbcdn.net/v/t39.30808-6/319852404_886231522509163_3289947801958953351_n.jpg?_nc_cat=101&cb=99be929b-59f725be&ccb=1-7&_nc_sid=09cbfe&_nc_eui2=AeGXXibGILKrC5efgJAkCLHEozQljdO030-jNCWN07TfT00qHvZ776VjFpFxpBdxkQoK6AnMH2j5Vz1Oi75feIBL&_nc_ohc=eUIlPqrv4W8AX-OyunQ&_nc_ht=scontent.fver2-1.fna&oh=00_AfAiNtQFR7JQbiffi4m5T5K-xQvicHrXb5lVkrK1I8tO8w&oe=64C16EAB","scale":"best-fill","borderRadius":"300dp","width":300,"height":300,"left":"80%","bottom":"30%","style":"textStyleBody","spacing":"@spacing3XSmall"},{"type":"Text","when":"${@viewportProfile == @hubPortraitMedium}","text":"${headlineExampleData.text}","color":"#fff","fontFamily":"Roboto","fontWeight":"bold","fontSize":"55px","left":"2%","style":"textStyleBody","spacing":"@spacing3XSmall"},{"type":"Image","when":"${@viewportProfile == @hubPortraitMedium}","source":"https://scontent.fver2-1.fna.fbcdn.net/v/t39.30808-6/319852404_886231522509163_3289947801958953351_n.jpg?_nc_cat=101&cb=99be929b-59f725be&ccb=1-7&_nc_sid=09cbfe&_nc_eui2=AeGXXibGILKrC5efgJAkCLHEozQljdO030-jNCWN07TfT00qHvZ776VjFpFxpBdxkQoK6AnMH2j5Vz1Oi75feIBL&_nc_ohc=eUIlPqrv4W8AX-OyunQ&_nc_ht=scontent.fver2-1.fna&oh=00_AfAiNtQFR7JQbiffi4m5T5K-xQvicHrXb5lVkrK1I8tO8w&oe=64C16EAB","scale":"best-fill","borderRadius":"300dp","width":300,"height":300,"alignSelf":"center","top":"5%","style":"textStyleBody","spacing":"@spacing3XSmall"},{"type":"Text","when":"${@viewportProfile == @tvLandscapeXLarge}","text":"${headlineExampleData.text}","color":"#fff","fontFamily":"Roboto","fontWeight":"bold","fontSize":"57px","left":"2%","style":"textStyleBody","spacing":"@spacing3XSmall"},{"type":"Image","when":"${@viewportProfile == @tvLandscapeXLarge}","source":"https://scontent.fver2-1.fna.fbcdn.net/v/t39.30808-6/319852404_886231522509163_3289947801958953351_n.jpg?_nc_cat=101&cb=99be929b-59f725be&ccb=1-7&_nc_sid=09cbfe&_nc_eui2=AeGXXibGILKrC5efgJAkCLHEozQljdO030-jNCWN07TfT00qHvZ776VjFpFxpBdxkQoK6AnMH2j5Vz1Oi75feIBL&_nc_ohc=eUIlPqrv4W8AX-OyunQ&_nc_ht=scontent.fver2-1.fna&oh=00_AfAiNtQFR7JQbiffi4m5T5K-xQvicHrXb5lVkrK1I8tO8w&oe=64C16EAB","scale":"best-fill","borderRadius":"150dp","width":150,"height":150,"left":"80%","bottom":"30%","style":"textStyleBody","spacing":"@spacing3XSmall"},{"type":"Text","when":"${@viewportProfile == @mobileSmall}","text":"${headlineExampleData.text}","color":"#fff","fontFamily":"Roboto","fontWeight":"bold","fontSize":"30px","left":"1%","style":"textStyleBody","spacing":"@spacing3XSmall"},{"type":"Image","when":"${@viewportProfile == @mobileSmall}","source":"https://scontent.fver2-1.fna.fbcdn.net/v/t39.30808-6/319852404_886231522509163_3289947801958953351_n.jpg?_nc_cat=101&cb=99be929b-59f725be&ccb=1-7&_nc_sid=09cbfe&_nc_eui2=AeGXXibGILKrC5efgJAkCLHEozQljdO030-jNCWN07TfT00qHvZ776VjFpFxpBdxkQoK6AnMH2j5Vz1Oi75feIBL&_nc_ohc=eUIlPqrv4W8AX-OyunQ&_nc_ht=scontent.fver2-1.fna&oh=00_AfAiNtQFR7JQbiffi4m5T5K-xQvicHrXb5lVkrK1I8tO8w&oe=64C16EAB","scale":"best-fill","borderRadius":"150dp","width":150,"height":150,"alignSelf":"center","top":"5%","style":"textStyleBody","spacing":"@spacing3XSmall"},{"type":"Text","when":"${@viewportProfile == @mobileMedium}","text":"${headlineExampleData.text}","color":"#fff","fontFamily":"Roboto","fontWeight":"bold","fontSize":"33px","left":"2%","style":"textStyleBody","spacing":"@spacing3XSmall"},{"type":"Image","when":"${@viewportProfile == @mobileMedium}","source":"https://scontent.fver2-1.fna.fbcdn.net/v/t39.30808-6/319852404_886231522509163_3289947801958953351_n.jpg?_nc_cat=101&cb=99be929b-59f725be&ccb=1-7&_nc_sid=09cbfe&_nc_eui2=AeGXXibGILKrC5efgJAkCLHEozQljdO030-jNCWN07TfT00qHvZ776VjFpFxpBdxkQoK6AnMH2j5Vz1Oi75feIBL&_nc_ohc=eUIlPqrv4W8AX-OyunQ&_nc_ht=scontent.fver2-1.fna&oh=00_AfAiNtQFR7JQbiffi4m5T5K-xQvicHrXb5lVkrK1I8tO8w&oe=64C16EAB","scale":"best-fill","borderRadius":"150dp","width":150,"height":150,"left":"80%","bottom":"30%","style":"textStyleBody","spacing":"@spacing3XSmall"},{"type":"Text","when":"${@viewportProfile == @mobileLarge}","text":"${headlineExampleData.text}","color":"#fff","fontFamily":"Roboto","fontWeight":"bold","fontSize":"65px","left":"2%","style":"textStyleBody","spacing":"@spacing3XSmall"},{"type":"Image","when":"${@viewportProfile == @mobileLarge}","source":"https://scontent.fver2-1.fna.fbcdn.net/v/t39.30808-6/319852404_886231522509163_3289947801958953351_n.jpg?_nc_cat=101&cb=99be929b-59f725be&ccb=1-7&_nc_sid=09cbfe&_nc_eui2=AeGXXibGILKrC5efgJAkCLHEozQljdO030-jNCWN07TfT00qHvZ776VjFpFxpBdxkQoK6AnMH2j5Vz1Oi75feIBL&_nc_ohc=eUIlPqrv4W8AX-OyunQ&_nc_ht=scontent.fver2-1.fna&oh=00_AfAiNtQFR7JQbiffi4m5T5K-xQvicHrXb5lVkrK1I8tO8w&oe=64C16EAB","scale":"best-fill","borderRadius":"150dp","width":150,"height":150,"left":"84%","bottom":"20%","style":"textStyleBody","spacing":"@spacing3XSmall"},{"type":"AlexaFooter","hintText":"Bienvenido administrador","position":"absolute","bottom":0}]}]}}